{
  "project_info": {
    "project_id": "gcm-3-0",
    "project_number": "976269300166",
    "name": "GCM 3-0"
  },
  "client": [
    {
      "client_info": {
        "mobilesdk_app_id": "1:976269300166:android:66ecce2233c7b16c",
        "client_id": "android:info.androidhive.gcm",
        "client_type": 1,
        "android_client_info": {
          "package_name": "info.androidhive.gcm"
        }
      },
      "oauth_client": [],
      "api_key": [],
      "services": {
        "analytics_service": {
          "status": 1
        },
        "cloud_messaging_service": {
          "status": 2,
          "apns_config": []
        },
        "appinvite_service": {
          "status": 1,
          "other_platform_oauth_client": []
        },
        "google_signin_service": {
          "status": 1
        },
        "ads_service": {
          "status": 1
        }
      }
    }
  ],
  "client_info": [],
  "ARTIFACT_VERSION": "1"
}