{
  "project_info": {
    "project_number": "498229134176",
    "firebase_url": "https://genieaibot.firebaseio.com",
    "project_id": "genieaibot",
    "storage_bucket": "genieaibot.appspot.com"
  },
  "client": [
    {
      "client_info": {
        "mobilesdk_app_id": "1:498229134176:android:3d2127c5596e41c1",
        "android_client_info": {
          "package_name": "com.hackathon.genie"
        }
      },
      "oauth_client": [
        {
          "client_id": "498229134176-boikjv1qsdso9isksrj5reemqimtkrev.apps.googleusercontent.com",
          "client_type": 3
        }
      ],
      "api_key": [
        {
          "current_key": "AIzaSyDZEwNDAdJ1OMSQDUbNQZbmbbrarMl9mqs"
        }
      ],
      "services": {
        "analytics_service": {
          "status": 1
        },
        "appinvite_service": {
          "status": 1,
          "other_platform_oauth_client": []
        },
        "ads_service": {
          "status": 2
        }
      }
    }
  ],
  "configuration_version": "1"
}